INSERT INTO user (avatar, created_at, email, enabled, password, phone, updated_at, username) VALUES
('', NOW(), 'seller@gmail.com', 1, '$2a$10$lNNNx.dNQkWYxjaOJ3f2e.6L.rD89fl0f0tGyQXMwR/huHpCHMAZa', '0937441896', NOW(), 'seller'),
('', NOW(), 'buyer@gmail.com', 1, '$2a$10$lNNNx.dNQkWYxjaOJ3f2e.6L.rD89fl0f0tGyQXMwR/huHpCHMAZa', '0937441896', NOW(), 'buyer'),
(NULL, NOW(), 'seller02@gmail.com', 1, '$2a$10$lNNNx.dNQkWYxjaOJ3f2e.6L.rD89fl0f0tGyQXMwR/huHpCHMAZa', '0923823123', NOW(), 'seller02');

INSERT INTO payment (address_register, cvv, due, fullname, `number`, postal_code, `type`, user_id) VALUES
('504 Cách Mạng Tháng Tám, phường 11, Quận 3, Thành phố Hồ Chí Minh', 865, NOW(), 'Nguyễn Văn Test', '1234567890123456', 70000, 'VISA', 1),
('93 Lê Hoàn, Thanh Hóa', 272, NOW(), 'Mai Hường', '8593820481039402', 6969, 'MASTER_CARD', 1);

INSERT INTO address (district, `number`,own_name, own_phone, province, ward, user_id) VALUES
('Quận 1', '123 Lê Lợi', 'Name Test 01', '123456789', 'TP. HCM', 'Phường 2', 1),
('Quận 20', '124 Nguyễn Thị Minh Khai', 'Name Test 02', '123456789', 'TP. HCM', 'Phường 42', 3),
('Huyện Châu Đức', '123 ABC', 'Name Test 03', '891437983', 'Tỉnh Bà Rịa - Vũng Tàu', 'Xã Bàu Chinh', 3);


INSERT INTO shop (created_at, logo, name, permission, phone, updated_at, address_id, payment_id, user_id) VALUES
(NOW(), 'no', 'Shốp Tếst 01', 1, '0907982932', NOW(), 1, 1, 1),
(NOW(), 'No', 'Shop Test 02', 1, '0497238647', NOW(), 2, 2, 3);

INSERT INTO category (created_at, name, updated_at) VALUES
(NOW(), 'Điện tử', NOW()),
(NOW(), 'Quần áo', NOW()),
(NOW(), 'Chất gây nghiện', NOW()),
(NOW(), 'Vũ khí', NOW());

INSERT INTO product (created_at, description, image, name, price, updated_at, category_id, shop_id) VALUES
(NOW(), 'Áo thun', '1.img', 'Áo thun', 200000.0, NOW(), 1, 1),
(NOW(), 'Quần dài', '1.img', 'Quần dài', 350000.0, NOW(), 1, 1),
(NOW(), 'Iphone13', '1.img', 'Iphone 13', 30000000, NOW(), 2, 1),
(NOW(), 'Ma túy đá', '1.img', 'Ma túy đá', 2900000.0, NOW(), 3, 2),
(NOW(), 'Mã tấu', '1.img', 'Mã tấu', 4200000.0, NOW(), 4, 2);

INSERT INTO rate (created_at, description, star, updated_at, product_id, user_id) VALUES
(NOW(), 'Hình ảnh và video chỉ mang tính chất nhận xu nhé. Hood giao nhanh lắm, 1 ngày là tới tay rồi. Lại chắc chắn, đóng gói cẩn thận.', 5, NOW(), 1, 2),
(NOW(), 'Mùa dịch nhưng giao hàng khá nhanh, chưa dùng nên chưa biết chất lượng thế nào', 2, NOW(), 2, 2),
(NOW(), 'Giao thiếu sp ( hơn 130 ngàn) . Nhắn tin ko trả lời. Làm ơn nếu đọc đc bình luận này thì trả lại tiền giúp đi. Bán hàng ko có tâm !', 1, NOW(), 3, 2),
(NOW(), 'Trong một đường tròn, đường kính vuông góc với một dây thì đi qua trung điểm của dây ấy. Do đó, trong một đường tròn, đường kính vuông góc với một dây thì đi qua trung điểm của dây ấy. Định lí 3: Trong một đường tròn, đường kính đi qua trung điểm của một dây không đi qua tâm thì vuông góc với dây ấy', 4, NOW(), 4, 2),
(NOW(), 'Vòng cũng OK nhưng vòng nó toàn đấy nhau thôi đeo mà tức kinh khủng luôn. Chúc shop mọi người nên tham khảo nhiều TRC khi mua nhá. Hình ảnh mang tính chất nhận xu', 3, NOW(), 5, 2);

INSERT INTO cart (created_at, quantity, updated_at, product_id, user_id) VALUES
(NOW(), 3, NOW(), 1, 2),
(NOW(), 2, NOW(), 2, 2),
(NOW(), 1, NOW(), 4, 2),
(NOW(), 1, NOW(), 5, 2);


INSERT INTO status_order (id, done_name, name) VALUES
(1, 'Đã đặt hàng', 'Chờ xác nhận'),
(2, 'Đã giao cho ĐVVC', 'Shop đang chuẩn bị hàng'),
(3, 'Đơn hàng đã nhận', 'Đang giao hàng'),
(4, 'Đánh giá', 'Đánh giá');



INSERT INTO `province` (`province_id`, `name`) VALUES
('01TTT', 'Thành phố Hà Nội'),
('31TTT', 'Thành phố Hải Phòng'),
('75TTT', 'Tỉnh Đồng Nai'),
('77TTT', 'Tỉnh Bà Rịa - Vũng Tàu'),
('79TTT', 'Thành phố Hồ Chí Minh');

INSERT INTO `district` (`district_id`, `name`, `province_id`) VALUES
('001HH', 'Quận Ba Đình', '01TTT'),
('002HH', 'Quận Hoàn Kiếm', '01TTT'),
('003HH', 'Quận Tây Hồ', '01TTT'),
('004HH', 'Quận Long Biên', '01TTT'),
('005HH', 'Quận Cầu Giấy', '01TTT'),
('006HH', 'Quận Đống Đa', '01TTT'),
('007HH', 'Quận Hai Bà Trưng', '01TTT'),
('008HH', 'Quận Hoàng Mai', '01TTT'),
('009HH', 'Quận Thanh Xuân', '01TTT'),
('016HH', 'Huyện Sóc Sơn', '01TTT'),
('017HH', 'Huyện Đông Anh', '01TTT'),
('018HH', 'Huyện Gia Lâm', '01TTT'),
('019HH', 'Quận Nam Từ Liêm', '01TTT'),
('020HH', 'Huyện Thanh Trì', '01TTT'),
('021HH', 'Quận Bắc Từ Liêm', '01TTT'),
('250HH', 'Huyện Mê Linh', '01TTT'),
('268HH', 'Quận Hà Đông', '01TTT'),
('269HH', 'Thị xã Sơn Tây', '01TTT'),
('271HH', 'Huyện Ba Vì', '01TTT'),
('272HH', 'Huyện Phúc Thọ', '01TTT'),
('273HH', 'Huyện Đan Phượng', '01TTT'),
('274HH', 'Huyện Hoài Đức', '01TTT'),
('275HH', 'Huyện Quốc Oai', '01TTT'),
('276HH', 'Huyện Thạch Thất', '01TTT'),
('277HH', 'Huyện Chương Mỹ', '01TTT'),
('278HH', 'Huyện Thanh Oai', '01TTT'),
('279HH', 'Huyện Thường Tín', '01TTT'),
('280HH', 'Huyện Phú Xuyên', '01TTT'),
('281HH', 'Huyện Ứng Hòa', '01TTT'),
('282HH', 'Huyện Mỹ Đức', '01TTT'),
('303HH', 'Quận Hồng Bàng', '31TTT'),
('304HH', 'Quận Ngô Quyền', '31TTT'),
('305HH', 'Quận Lê Chân', '31TTT'),
('306HH', 'Quận Hải An', '31TTT'),
('307HH', 'Quận Kiến An', '31TTT'),
('308HH', 'Quận Đồ Sơn', '31TTT'),
('309HH', 'Quận Dương Kinh', '31TTT'),
('311HH', 'Huyện Thủy Nguyên', '31TTT'),
('312HH', 'Huyện An Dương', '31TTT'),
('313HH', 'Huyện An Lão', '31TTT'),
('314HH', 'Huyện Kiến Thuỵ', '31TTT'),
('315HH', 'Huyện Tiên Lãng', '31TTT'),
('316HH', 'Huyện Vĩnh Bảo', '31TTT'),
('317HH', 'Huyện Cát Hải', '31TTT'),
('318HH', 'Huyện Bạch Long Vĩ', '31TTT'),
('731HH', 'Thành phố Biên Hòa', '75TTT'),
('732HH', 'Thị xã Long Khánh', '75TTT'),
('734HH', 'Huyện Tân Phú', '75TTT'),
('735HH', 'Huyện Vĩnh Cửu', '75TTT'),
('736HH', 'Huyện Định Quán', '75TTT'),
('737HH', 'Huyện Trảng Bom', '75TTT'),
('738HH', 'Huyện Thống Nhất', '75TTT'),
('739HH', 'Huyện Cẩm Mỹ', '75TTT'),
('740HH', 'Huyện Long Thành', '75TTT'),
('741HH', 'Huyện Xuân Lộc', '75TTT'),
('742HH', 'Huyện Nhơn Trạch', '75TTT'),
('747HH', 'Thành phố Vũng Tàu', '77TTT'),
('748HH', 'Thành phố Bà Rịa', '77TTT'),
('750HH', 'Huyện Châu Đức', '77TTT'),
('751HH', 'Huyện Xuyên Mộc', '77TTT'),
('752HH', 'Huyện Long Điền', '77TTT'),
('753HH', 'Huyện Đất Đỏ', '77TTT'),
('754HH', 'Huyện Tân Thành', '77TTT'),
('755HH', 'Huyện Côn Đảo', '77TTT'),
('760HH', 'Quận 1', '79TTT'),
('761HH', 'Quận 12', '79TTT'),
('762HH', 'Quận Thủ Đức', '79TTT'),
('763HH', 'Quận 9', '79TTT'),
('764HH', 'Quận Gò Vấp', '79TTT'),
('765HH', 'Quận Bình Thạnh', '79TTT'),
('766HH', 'Quận Tân Bình', '79TTT'),
('767HH', 'Quận Tân Phú', '79TTT'),
('768HH', 'Quận Phú Nhuận', '79TTT'),
('769HH', 'Quận 2', '79TTT'),
('770HH', 'Quận 3', '79TTT'),
('771HH', 'Quận 10', '79TTT'),
('772HH', 'Quận 11', '79TTT'),
('773HH', 'Quận 4', '79TTT'),
('774HH', 'Quận 5', '79TTT'),
('775HH', 'Quận 6', '79TTT'),
('776HH', 'Quận 8', '79TTT'),
('777HH', 'Quận Bình Tân', '79TTT'),
('778HH', 'Quận 7', '79TTT'),
('783HH', 'Huyện Củ Chi', '79TTT'),
('784HH', 'Huyện Hóc Môn', '79TTT'),
('785HH', 'Huyện Bình Chánh', '79TTT'),
('786HH', 'Huyện Nhà Bè', '79TTT'),
('787HH', 'Huyện Cần Giờ', '79TTT');

INSERT INTO `ward` (`ward_id`, `name`, `district_id`) VALUES
('00001', 'Phường Phúc Xá', '001HH'),
('00004', 'Phường Trúc Bạch', '001HH'),
('00006', 'Phường Vĩnh Phúc', '001HH'),
('00007', 'Phường Cống Vị', '001HH'),
('00008', 'Phường Liễu Giai', '001HH'),
('00010', 'Phường Nguyễn Trung Trực', '001HH'),
('00013', 'Phường Quán Thánh', '001HH'),
('00016', 'Phường Ngọc Hà', '001HH'),
('00019', 'Phường Điện Biên', '001HH'),
('00022', 'Phường Đội Cấn', '001HH'),
('00025', 'Phường Ngọc Khánh', '001HH'),
('00028', 'Phường Kim Mã', '001HH'),
('00031', 'Phường Giảng Võ', '001HH'),
('00034', 'Phường Thành Công', '001HH'),
('00037', 'Phường Phúc Tân', '002HH'),
('00040', 'Phường Đồng Xuân', '002HH'),
('00043', 'Phường Hàng Mã', '002HH'),
('00046', 'Phường Hàng Buồm', '002HH'),
('00049', 'Phường Hàng Đào', '002HH'),
('00052', 'Phường Hàng Bồ', '002HH'),
('00055', 'Phường Cửa Đông', '002HH'),
('00058', 'Phường Lý Thái Tổ', '002HH'),
('00061', 'Phường Hàng Bạc', '002HH'),
('00064', 'Phường Hàng Gai', '002HH'),
('00067', 'Phường Chương Dương Độ', '002HH'),
('00070', 'Phường Hàng Trống', '002HH'),
('00073', 'Phường Cửa Nam', '002HH'),
('00076', 'Phường Hàng Bông', '002HH'),
('00079', 'Phường Tràng Tiền', '002HH'),
('00082', 'Phường Trần Hưng Đạo', '002HH'),
('00085', 'Phường Phan Chu Trinh', '002HH'),
('00088', 'Phường Hàng Bài', '002HH'),
('00091', 'Phường Phú Thượng', '003HH'),
('00094', 'Phường Nhật Tân', '003HH'),
('00097', 'Phường Tứ Liên', '003HH'),
('00100', 'Phường Quảng An', '003HH'),
('00103', 'Phường Xuân La', '003HH'),
('00106', 'Phường Yên Phụ', '003HH'),
('00109', 'Phường Bưởi', '003HH'),
('00112', 'Phường Thụy Khuê', '003HH'),
('00115', 'Phường Thượng Thanh', '004HH'),
('00118', 'Phường Ngọc Thụy', '004HH'),
('00121', 'Phường Giang Biên', '004HH'),
('00124', 'Phường Đức Giang', '004HH'),
('00127', 'Phường Việt Hưng', '004HH'),
('00130', 'Phường Gia Thụy', '004HH'),
('00133', 'Phường Ngọc Lâm', '004HH'),
('00136', 'Phường Phúc Lợi', '004HH'),
('00139', 'Phường Bồ Đề', '004HH'),
('00142', 'Phường Sài Đồng', '004HH'),
('00145', 'Phường Long Biên', '004HH'),
('00148', 'Phường Thạch Bàn', '004HH'),
('00151', 'Phường Phúc Đồng', '004HH'),
('00154', 'Phường Cự Khối', '004HH'),
('00157', 'Phường Nghĩa Đô', '005HH'),
('00160', 'Phường Nghĩa Tân', '005HH'),
('00163', 'Phường Mai Dịch', '005HH'),
('00166', 'Phường Dịch Vọng', '005HH'),
('00167', 'Phường Dịch Vọng Hậu', '005HH'),
('00169', 'Phường Quan Hoa', '005HH'),
('00172', 'Phường Yên Hòa', '005HH'),
('00175', 'Phường Trung Hòa', '005HH'),
('00178', 'Phường Cát Linh', '006HH'),
('00181', 'Phường Văn Miếu', '006HH'),
('00184', 'Phường Quốc Tử Giám', '006HH'),
('00187', 'Phường Láng Thượng', '006HH'),
('00190', 'Phường Ô Chợ Dừa', '006HH'),
('00193', 'Phường Văn Chương', '006HH'),
('00196', 'Phường Hàng Bột', '006HH'),
('00199', 'Phường Láng Hạ', '006HH'),
('00202', 'Phường Khâm Thiên', '006HH'),
('00205', 'Phường Thổ Quan', '006HH'),
('00208', 'Phường Nam Đồng', '006HH'),
('00211', 'Phường Trung Phụng', '006HH'),
('00214', 'Phường Quang Trung', '006HH'),
('00217', 'Phường Trung Liệt', '006HH'),
('00220', 'Phường Phương Liên', '006HH'),
('00223', 'Phường Thịnh Quang', '006HH'),
('00226', 'Phường Trung Tự', '006HH'),
('00229', 'Phường Kim Liên', '006HH'),
('00232', 'Phường Phương Mai', '006HH'),
('00235', 'Phường Ngã Tư Sở', '006HH'),
('00238', 'Phường Khương Thượng', '006HH'),
('00241', 'Phường Nguyễn Du', '007HH'),
('00244', 'Phường Bạch Đằng', '007HH'),
('00247', 'Phường Phạm Đình Hổ', '007HH'),
('00250', 'Phường Bùi Thị Xuân', '007HH'),
('00253', 'Phường Ngô Thì Nhậm', '007HH'),
('00256', 'Phường Lê Đại Hành', '007HH'),
('00259', 'Phường Đồng Nhân', '007HH'),
('00262', 'Phường Phố Huế', '007HH'),
('00265', 'Phường Đống Mác', '007HH'),
('00268', 'Phường Thanh Lương', '007HH'),
('00271', 'Phường Thanh Nhàn', '007HH'),
('00274', 'Phường Cầu Dền', '007HH'),
('00277', 'Phường Bách Khoa', '007HH'),
('00280', 'Phường Đồng Tâm', '007HH'),
('00283', 'Phường Vĩnh Tuy', '007HH'),
('00286', 'Phường Bạch Mai', '007HH'),
('00289', 'Phường Quỳnh Mai', '007HH'),
('00292', 'Phường Quỳnh Lôi', '007HH'),
('00295', 'Phường Minh Khai', '007HH'),
('00298', 'Phường Trương Định', '007HH'),
('00301', 'Phường Thanh Trì', '008HH'),
('00304', 'Phường Vĩnh Hưng', '008HH'),
('00307', 'Phường Định Công', '008HH'),
('00310', 'Phường Mai Động', '008HH'),
('00313', 'Phường Tương Mai', '008HH'),
('00316', 'Phường Đại Kim', '008HH'),
('00319', 'Phường Tân Mai', '008HH'),
('00322', 'Phường Hoàng Văn Thụ', '008HH'),
('00325', 'Phường Giáp Bát', '008HH'),
('00328', 'Phường Lĩnh Nam', '008HH'),
('00331', 'Phường Thịnh Liệt', '008HH'),
('00334', 'Phường Trần Phú', '008HH'),
('00337', 'Phường Hoàng Liệt', '008HH'),
('00340', 'Phường Yên Sở', '008HH'),
('00343', 'Phường Nhân Chính', '009HH'),
('00346', 'Phường Thượng Đình', '009HH'),
('00349', 'Phường Khương Trung', '009HH'),
('00352', 'Phường Khương Mai', '009HH'),
('00355', 'Phường Thanh Xuân Trung', '009HH'),
('00358', 'Phường Phương Liệt', '009HH'),
('00361', 'Phường Hạ Đình', '009HH'),
('00364', 'Phường Khương Đình', '009HH'),
('00367', 'Phường Thanh Xuân Bắc', '009HH'),
('00370', 'Phường Thanh Xuân Nam', '009HH'),
('00373', 'Phường Kim Giang', '009HH'),
('00376', 'Thị trấn Sóc Sơn', '016HH'),
('00379', 'Xã Bắc Sơn', '016HH'),
('00382', 'Xã Minh Trí', '016HH'),
('00385', 'Xã Hồng Kỳ', '016HH'),
('00388', 'Xã Nam Sơn', '016HH'),
('00391', 'Xã Trung Giã', '016HH'),
('00394', 'Xã Tân Hưng', '016HH'),
('00397', 'Xã Minh Phú', '016HH'),
('00400', 'Xã Phù Linh', '016HH'),
('00403', 'Xã Bắc Phú', '016HH'),
('00406', 'Xã Tân Minh', '016HH'),
('00409', 'Xã Quang Tiến', '016HH'),
('00412', 'Xã Hiền Ninh', '016HH'),
('00415', 'Xã Tân Dân', '016HH'),
('00418', 'Xã Tiên Dược', '016HH'),
('00421', 'Xã Việt Long', '016HH'),
('00424', 'Xã Xuân Giang', '016HH'),
('00427', 'Xã Mai Đình', '016HH'),
('00430', 'Xã Đức Hòa', '016HH'),
('00433', 'Xã Thanh Xuân', '016HH'),
('00436', 'Xã Đông Xuân', '016HH'),
('00439', 'Xã Kim Lũ', '016HH'),
('00442', 'Xã Phú Cường', '016HH'),
('00445', 'Xã Phú Minh', '016HH'),
('00448', 'Xã Phù Lỗ', '016HH'),
('00451', 'Xã Xuân Thu', '016HH'),
('00454', 'Thị trấn Đông Anh', '017HH'),
('00457', 'Xã Xuân Nộn', '017HH'),
('00460', 'Xã Thuỵ Lâm', '017HH'),
('00463', 'Xã Bắc Hồng', '017HH'),
('00466', 'Xã Nguyên Khê', '017HH'),
('00469', 'Xã Nam Hồng', '017HH'),
('00472', 'Xã Tiên Dương', '017HH'),
('00475', 'Xã Vân Hà', '017HH'),
('00478', 'Xã Uy Nỗ', '017HH'),
('00481', 'Xã Vân Nội', '017HH'),
('00484', 'Xã Liên Hà', '017HH'),
('00487', 'Xã Việt Hùng', '017HH'),
('00490', 'Xã Kim Nỗ', '017HH'),
('00493', 'Xã Kim Chung', '017HH'),
('00496', 'Xã Dục Tú', '017HH'),
('00499', 'Xã Đại Mạch', '017HH'),
('00502', 'Xã Vĩnh Ngọc', '017HH'),
('00505', 'Xã Cổ Loa', '017HH'),
('00508', 'Xã Hải Bối', '017HH'),
('00511', 'Xã Xuân Canh', '017HH'),
('00514', 'Xã Võng La', '017HH'),
('00517', 'Xã Tầm Xá', '017HH'),
('00520', 'Xã Mai Lâm', '017HH'),
('00523', 'Xã Đông Hội', '017HH'),
('00526', 'Thị trấn Yên Viên', '018HH'),
('00529', 'Xã Yên Thường', '018HH'),
('00532', 'Xã Yên Viên', '018HH'),
('00535', 'Xã Ninh Hiệp', '018HH'),
('00538', 'Xã Đình Xuyên', '018HH'),
('00541', 'Xã Dương Hà', '018HH'),
('00544', 'Xã Phù Đổng', '018HH'),
('00547', 'Xã Trung Mầu', '018HH'),
('00550', 'Xã Lệ Chi', '018HH'),
('00553', 'Xã Cổ Bi', '018HH'),
('00556', 'Xã Đặng Xá', '018HH'),
('00559', 'Xã Phú Thị', '018HH'),
('00562', 'Xã Kim Sơn', '018HH'),
('00565', 'Thị trấn Trâu Quỳ', '018HH'),
('00568', 'Xã Dương Quang', '018HH'),
('00571', 'Xã Dương Xá', '018HH'),
('00574', 'Xã Đông Dư', '018HH'),
('00577', 'Xã Đa Tốn', '018HH'),
('00580', 'Xã Kiêu Kỵ', '018HH'),
('00583', 'Xã Bát Tràng', '018HH'),
('00586', 'Xã Kim Lan', '018HH'),
('00589', 'Xã Văn Đức', '018HH'),
('00592', 'Phường Cầu Diễn', '019HH'),
('00622', 'Phường Xuân Phương', '019HH'),
('00623', 'Phường Phương Canh', '019HH'),
('00625', 'Phường Mỹ Đình 1', '019HH'),
('00626', 'Phường Mỹ Đình 2', '019HH'),
('00628', 'Phường Tây Mỗ', '019HH'),
('00631', 'Phường Mễ Trì', '019HH'),
('00632', 'Phường Phú Đô', '019HH'),
('00634', 'Phường Đại Mỗ', '019HH'),
('00637', 'Phường Trung Văn', '019HH'),
('00640', 'Thị trấn Văn Điển', '020HH'),
('00643', 'Xã Tân Triều', '020HH'),
('00646', 'Xã Thanh Liệt', '020HH'),
('00649', 'Xã Tả Thanh Oai', '020HH'),
('00652', 'Xã Hữu Hòa', '020HH'),
('00655', 'Xã Tam Hiệp', '020HH'),
('00658', 'Xã Tứ Hiệp', '020HH'),
('00661', 'Xã Yên Mỹ', '020HH'),
('00664', 'Xã Vĩnh Quỳnh', '020HH'),
('00667', 'Xã Ngũ Hiệp', '020HH'),
('00670', 'Xã Duyên Hà', '020HH'),
('00673', 'Xã Ngọc Hồi', '020HH'),
('00676', 'Xã Vạn Phúc', '020HH'),
('00679', 'Xã Đại áng', '020HH'),
('00682', 'Xã Liên Ninh', '020HH'),
('00685', 'Xã Đông Mỹ', '020HH'),
('00595', 'Phường Thượng Cát', '021HH'),
('00598', 'Phường Liên Mạc', '021HH'),
('00601', 'Phường Đông Ngạc', '021HH'),
('00602', 'Phường Đức Thắng', '021HH'),
('00604', 'Phường Thụy Phương', '021HH'),
('00607', 'Phường Tây Tựu', '021HH'),
('00610', 'Phường Xuân Đỉnh', '021HH'),
('00611', 'Phường Xuân Tảo', '021HH'),
('00613', 'Phường Minh Khai', '021HH'),
('00616', 'Phường Cổ Nhuế 1', '021HH'),
('00617', 'Phường Cổ Nhuế 2', '021HH'),
('00619', 'Phường Phú Diễn', '021HH'),
('00620', 'Phường Phúc Diễn', '021HH'),
('08973', 'Thị trấn Chi Đông', '250HH'),
('08974', 'Xã Đại Thịnh', '250HH'),
('08977', 'Xã Kim Hoa', '250HH'),
('08980', 'Xã Thạch Đà', '250HH'),
('08983', 'Xã Tiến Thắng', '250HH'),
('08986', 'Xã Tự Lập', '250HH'),
('08989', 'Thị trấn Quang Minh', '250HH'),
('08992', 'Xã Thanh Lâm', '250HH'),
('08995', 'Xã Tam Đồng', '250HH'),
('08998', 'Xã Liên Mạc', '250HH'),
('09001', 'Xã Vạn Yên', '250HH'),
('09004', 'Xã Chu Phan', '250HH'),
('09007', 'Xã Tiến Thịnh', '250HH'),
('09010', 'Xã Mê Linh', '250HH'),
('09013', 'Xã Văn Khê', '250HH'),
('09016', 'Xã Hoàng Kim', '250HH'),
('09019', 'Xã Tiền Phong', '250HH'),
('09022', 'Xã Tráng Việt', '250HH'),
('09538', 'Phường Nguyễn Trãi', '268HH'),
('09541', 'Phường Mộ Lao', '268HH'),
('09542', 'Phường Văn Quán', '268HH'),
('09544', 'Phường Vạn Phúc', '268HH'),
('09547', 'Phường Yết Kiêu', '268HH'),
('09550', 'Phường Quang Trung', '268HH'),
('09551', 'Phường La Khê', '268HH'),
('09552', 'Phường Phú La', '268HH'),
('09553', 'Phường Phúc La', '268HH'),
('09556', 'Phường Hà Cầu', '268HH'),
('09562', 'Phường Yên Nghĩa', '268HH'),
('09565', 'Phường Kiến Hưng', '268HH'),
('09568', 'Phường Phú Lãm', '268HH'),
('09571', 'Phường Phú Lương', '268HH'),
('09886', 'Phường Dương Nội', '268HH'),
('10117', 'Phường Đồng Mai', '268HH'),
('10123', 'Phường Biên Giang', '268HH'),
('09574', 'Phường Lê Lợi', '269HH'),
('09577', 'Phường Phú Thịnh', '269HH'),
('09580', 'Phường Ngô Quyền', '269HH'),
('09583', 'Phường Quang Trung', '269HH'),
('09586', 'Phường Sơn Lộc', '269HH'),
('09589', 'Phường Xuân Khanh', '269HH'),
('09592', 'Xã Đường Lâm', '269HH'),
('09595', 'Phường Viên Sơn', '269HH'),
('09598', 'Xã Xuân Sơn', '269HH'),
('09601', 'Phường Trung Hưng', '269HH'),
('09604', 'Xã Thanh Mỹ', '269HH'),
('09607', 'Phường Trung Sơn Trầm', '269HH'),
('09610', 'Xã Kim Sơn', '269HH'),
('09613', 'Xã Sơn Đông', '269HH'),
('09616', 'Xã Cổ Đông', '269HH'),
('09619', 'Thị trấn Tây Đằng', '271HH'),
('09625', 'Xã Phú Cường', '271HH'),
('09628', 'Xã Cổ Đô', '271HH'),
('09631', 'Xã Tản Hồng', '271HH'),
('09634', 'Xã Vạn Thắng', '271HH'),
('09637', 'Xã Châu Sơn', '271HH'),
('09640', 'Xã Phong Vân', '271HH'),
('09643', 'Xã Phú Đông', '271HH'),
('09646', 'Xã Phú Phương', '271HH'),
('09649', 'Xã Phú Châu', '271HH'),
('09652', 'Xã Thái Hòa', '271HH'),
('09655', 'Xã Đồng Thái', '271HH'),
('09658', 'Xã Phú Sơn', '271HH'),
('09661', 'Xã Minh Châu', '271HH'),
('09664', 'Xã Vật Lại', '271HH'),
('09667', 'Xã Chu Minh', '271HH'),
('09670', 'Xã Tòng Bạt', '271HH'),
('09673', 'Xã Cẩm Lĩnh', '271HH'),
('09676', 'Xã Sơn Đà', '271HH'),
('09679', 'Xã Đông Quang', '271HH'),
('09682', 'Xã Tiên Phong', '271HH'),
('09685', 'Xã Thụy An', '271HH'),
('09688', 'Xã Cam Thượng', '271HH'),
('09691', 'Xã Thuần Mỹ', '271HH'),
('09694', 'Xã Tản Lĩnh', '271HH'),
('09697', 'Xã Ba Trại', '271HH'),
('09700', 'Xã Minh Quang', '271HH'),
('09703', 'Xã Ba Vì', '271HH'),
('09706', 'Xã Vân Hòa', '271HH'),
('09709', 'Xã Yên Bài', '271HH'),
('09712', 'Xã Khánh Thượng', '271HH'),
('09715', 'Thị trấn Phúc Thọ', '272HH'),
('09718', 'Xã Vân Hà', '272HH'),
('09721', 'Xã Vân Phúc', '272HH'),
('09724', 'Xã Vân Nam', '272HH'),
('09727', 'Xã Xuân Phú', '272HH'),
('09730', 'Xã Phương Độ', '272HH'),
('09733', 'Xã Sen Chiểu', '272HH'),
('09736', 'Xã Cẩm Đình', '272HH'),
('09739', 'Xã Võng Xuyên', '272HH'),
('09742', 'Xã Thọ Lộc', '272HH'),
('09745', 'Xã Long Xuyên', '272HH'),
('09748', 'Xã Thượng Cốc', '272HH'),
('09751', 'Xã Hát Môn', '272HH'),
('09754', 'Xã Tích Giang', '272HH'),
('09757', 'Xã Thanh Đa', '272HH'),
('09760', 'Xã Trạch Mỹ Lộc', '272HH'),
('09763', 'Xã Phúc Hòa', '272HH'),
('09766', 'Xã Ngọc Tảo', '272HH'),
('09769', 'Xã Phụng Thượng', '272HH'),
('09772', 'Xã Tam Thuấn', '272HH'),
('09775', 'Xã Tam Hiệp', '272HH'),
('09778', 'Xã Hiệp Thuận', '272HH'),
('09781', 'Xã Liên Hiệp', '272HH'),
('09784', 'Thị trấn Phùng', '273HH'),
('09787', 'Xã Trung Châu', '273HH'),
('09790', 'Xã Thọ An', '273HH'),
('09793', 'Xã Thọ Xuân', '273HH'),
('09796', 'Xã Hồng Hà', '273HH'),
('09799', 'Xã Liên Hồng', '273HH'),
('09802', 'Xã Liên Hà', '273HH'),
('09805', 'Xã Hạ Mỗ', '273HH'),
('09808', 'Xã Liên Trung', '273HH'),
('09811', 'Xã Phương Đình', '273HH'),
('09814', 'Xã Thượng Mỗ', '273HH'),
('09817', 'Xã Tân Hội', '273HH'),
('09820', 'Xã Tân Lập', '273HH'),
('09823', 'Xã Đan Phượng', '273HH'),
('09826', 'Xã Đồng Tháp', '273HH'),
('09829', 'Xã Song Phượng', '273HH'),
('09832', 'Thị trấn Trạm Trôi', '274HH'),
('09835', 'Xã Đức Thượng', '274HH'),
('09838', 'Xã Minh Khai', '274HH'),
('09841', 'Xã Dương Liễu', '274HH'),
('09844', 'Xã Di Trạch', '274HH'),
('09847', 'Xã Đức Giang', '274HH'),
('09850', 'Xã Cát Quế', '274HH'),
('09853', 'Xã Kim Chung', '274HH'),
('09856', 'Xã Yên Sở', '274HH'),
('09859', 'Xã Sơn Đồng', '274HH'),
('09862', 'Xã Vân Canh', '274HH'),
('09865', 'Xã Đắc Sở', '274HH'),
('09868', 'Xã Lại Yên', '274HH'),
('09871', 'Xã Tiền Yên', '274HH'),
('09874', 'Xã Song Phương', '274HH'),
('09877', 'Xã An Khánh', '274HH'),
('09880', 'Xã An Thượng', '274HH'),
('09883', 'Xã Vân Côn', '274HH'),
('09889', 'Xã La Phù', '274HH'),
('09892', 'Xã Đông La', '274HH'),
('09895', 'Thị trấn Quốc Oai', '275HH'),
('09898', 'Xã Sài Sơn', '275HH'),
('09901', 'Xã Phượng Cách', '275HH'),
('09904', 'Xã Yên Sơn', '275HH'),
('09907', 'Xã Ngọc Liệp', '275HH'),
('09910', 'Xã Ngọc Mỹ', '275HH'),
('09913', 'Xã Liệp Tuyết', '275HH'),
('09916', 'Xã Thạch Thán', '275HH'),
('09919', 'Xã Đồng Quang', '275HH'),
('09922', 'Xã Phú Cát', '275HH'),
('09925', 'Xã Tuyết Nghĩa', '275HH'),
('09928', 'Xã Nghĩa Hương', '275HH'),
('09931', 'Xã Cộng Hòa', '275HH'),
('09934', 'Xã Tân Phú', '275HH'),
('09937', 'Xã Đại Thành', '275HH'),
('09940', 'Xã Phú Mãn', '275HH'),
('09943', 'Xã Cấn Hữu', '275HH'),
('09946', 'Xã Tân Hòa', '275HH'),
('09949', 'Xã Hòa Thạch', '275HH'),
('09952', 'Xã Đông Yên', '275HH'),
('04939', 'Xã Đông Xuân', '275HH'),
('09955', 'Thị trấn Liên Quan', '276HH'),
('09958', 'Xã Đại Đồng', '276HH'),
('09961', 'Xã Cẩm Yên', '276HH'),
('09964', 'Xã Lại Thượng', '276HH'),
('09967', 'Xã Phú Kim', '276HH'),
('09970', 'Xã Hương Ngải', '276HH'),
('09973', 'Xã Canh Nậu', '276HH'),
('09976', 'Xã Kim Quan', '276HH'),
('09979', 'Xã Dị Nậu', '276HH'),
('09982', 'Xã Bình Yên', '276HH'),
('09985', 'Xã Chàng Sơn', '276HH'),
('09988', 'Xã Thạch Hòa', '276HH'),
('09991', 'Xã Cần Kiệm', '276HH'),
('09994', 'Xã Hữu Bằng', '276HH'),
('09997', 'Xã Phùng Xá', '276HH'),
('10000', 'Xã Tân Xã', '276HH'),
('10003', 'Xã Thạch Xá', '276HH'),
('10006', 'Xã Bình Phú', '276HH'),
('10009', 'Xã Hạ Bằng', '276HH'),
('10012', 'Xã Đồng Trúc', '276HH'),
('04927', 'Xã Yên Trung', '276HH'),
('04930', 'Xã Yên Bình', '276HH'),
('04936', 'Xã Tiến Xuân', '276HH'),
('10015', 'Thị trấn Chúc Sơn', '277HH'),
('10018', 'Thị trấn Xuân Mai', '277HH'),
('10021', 'Xã Phụng Châu', '277HH'),
('10024', 'Xã Tiên Phương', '277HH'),
('10027', 'Xã Đông Sơn', '277HH'),
('10030', 'Xã Đông Phương Yên', '277HH'),
('10033', 'Xã Phú Nghĩa', '277HH'),
('10039', 'Xã Trường Yên', '277HH'),
('10042', 'Xã Ngọc Hòa', '277HH'),
('10045', 'Xã Thủy Xuân Tiên', '277HH'),
('10048', 'Xã Thanh Bình', '277HH'),
('10051', 'Xã Trung Hòa', '277HH'),
('10054', 'Xã Đại Yên', '277HH'),
('10057', 'Xã Thụy Hương', '277HH'),
('10060', 'Xã Tốt Động', '277HH'),
('10063', 'Xã Lam Điền', '277HH'),
('10066', 'Xã Tân Tiến', '277HH'),
('10069', 'Xã Nam Phương Tiến', '277HH'),
('10072', 'Xã Hợp Đồng', '277HH'),
('10075', 'Xã Hoàng Văn Thụ', '277HH'),
('10078', 'Xã Hoàng Diệu', '277HH'),
('10081', 'Xã Hữu Văn', '277HH'),
('10084', 'Xã Quảng Bị', '277HH'),
('10087', 'Xã Mỹ Lương', '277HH'),
('10090', 'Xã Thượng Vực', '277HH'),
('10093', 'Xã Hồng Phong', '277HH'),
('10096', 'Xã Đồng Phú', '277HH'),
('10099', 'Xã Trần Phú', '277HH'),
('10102', 'Xã Văn Võ', '277HH'),
('10105', 'Xã Đồng Lạc', '277HH'),
('10108', 'Xã Hòa Chính', '277HH'),
('10111', 'Xã Phú Nam An', '277HH'),
('10114', 'Thị trấn Kim Bài', '278HH'),
('10120', 'Xã Cự Khê', '278HH'),
('10126', 'Xã Bích Hòa', '278HH'),
('10129', 'Xã Mỹ Hưng', '278HH'),
('10132', 'Xã Cao Viên', '278HH'),
('10135', 'Xã Bình Minh', '278HH'),
('10138', 'Xã Tam Hưng', '278HH'),
('10141', 'Xã Thanh Cao', '278HH'),
('10144', 'Xã Thanh Thùy', '278HH'),
('10147', 'Xã Thanh Mai', '278HH'),
('10150', 'Xã Thanh Văn', '278HH'),
('10153', 'Xã Đỗ Động', '278HH'),
('10156', 'Xã Kim An', '278HH'),
('10159', 'Xã Kim Thư', '278HH'),
('10162', 'Xã Phương Trung', '278HH'),
('10165', 'Xã Tân Ước', '278HH'),
('10168', 'Xã Dân Hòa', '278HH'),
('10171', 'Xã Liên Châu', '278HH'),
('10174', 'Xã Cao Dương', '278HH'),
('10177', 'Xã Xuân Dương', '278HH'),
('10180', 'Xã Hồng Dương', '278HH'),
('10183', 'Thị trấn Thường Tín', '279HH'),
('10186', 'Xã Ninh Sở', '279HH'),
('10189', 'Xã Nhị Khê', '279HH'),
('10192', 'Xã Duyên Thái', '279HH'),
('10195', 'Xã Khánh Hà', '279HH'),
('10198', 'Xã Hòa Bình', '279HH'),
('10201', 'Xã Văn Bình', '279HH'),
('10204', 'Xã Hiền Giang', '279HH'),
('10207', 'Xã Hồng Vân', '279HH'),
('10210', 'Xã Vân Tảo', '279HH'),
('10213', 'Xã Liên Phương', '279HH'),
('10216', 'Xã Văn Phú', '279HH'),
('10219', 'Xã Tự Nhiên', '279HH'),
('10222', 'Xã Tiền Phong', '279HH'),
('10225', 'Xã Hà Hồi', '279HH'),
('10228', 'Xã Thư Phú', '279HH'),
('10231', 'Xã Nguyễn Trãi', '279HH'),
('10234', 'Xã Quất Động', '279HH'),
('10237', 'Xã Chương Dương', '279HH'),
('10240', 'Xã Tân Minh', '279HH'),
('10243', 'Xã Lê Lợi', '279HH'),
('10246', 'Xã Thắng Lợi', '279HH'),
('10249', 'Xã Dũng Tiến', '279HH'),
('10252', 'Xã Thống Nhất', '279HH'),
('10255', 'Xã Nghiêm Xuyên', '279HH'),
('10258', 'Xã Tô Hiệu', '279HH'),
('10261', 'Xã Văn Tự', '279HH'),
('10264', 'Xã Vạn Điểm', '279HH'),
('10267', 'Xã Minh Cường', '279HH'),
('10270', 'Thị trấn Phú Minh', '280HH'),
('10273', 'Thị trấn Phú Xuyên', '280HH'),
('10276', 'Xã Hồng Minh', '280HH'),
('10279', 'Xã Phượng Dực', '280HH'),
('10282', 'Xã Văn Nhân', '280HH'),
('10285', 'Xã Thụy Phú', '280HH'),
('10288', 'Xã Tri Trung', '280HH'),
('10291', 'Xã Đại Thắng', '280HH'),
('10294', 'Xã Phú Túc', '280HH'),
('10297', 'Xã Văn Hoàng', '280HH'),
('10300', 'Xã Hồng Thái', '280HH'),
('10303', 'Xã Hoàng Long', '280HH'),
('10306', 'Xã Quang Trung', '280HH'),
('10309', 'Xã Nam Phong', '280HH'),
('10312', 'Xã Nam Triều', '280HH'),
('10315', 'Xã Tân Dân', '280HH'),
('10318', 'Xã Sơn Hà', '280HH'),
('10321', 'Xã Chuyên Mỹ', '280HH'),
('10324', 'Xã Khai Thái', '280HH'),
('10327', 'Xã Phúc Tiến', '280HH'),
('10330', 'Xã Vân Từ', '280HH'),
('10333', 'Xã Tri Thủy', '280HH'),
('10336', 'Xã Đại Xuyên', '280HH'),
('10339', 'Xã Phú Yên', '280HH'),
('10342', 'Xã Bạch Hạ', '280HH'),
('10345', 'Xã Quang Lãng', '280HH'),
('10348', 'Xã Châu Can', '280HH'),
('10351', 'Xã Minh Tân', '280HH'),
('10354', 'Thị trấn Vân Đình', '281HH'),
('10357', 'Xã Viên An', '281HH'),
('10360', 'Xã Viên Nội', '281HH'),
('10363', 'Xã Hoa Sơn', '281HH'),
('10366', 'Xã Quảng Phú Cầu', '281HH'),
('10369', 'Xã Trường Thịnh', '281HH'),
('10372', 'Xã Cao Thành', '281HH'),
('10375', 'Xã Liên Bạt', '281HH'),
('10378', 'Xã Sơn Công', '281HH'),
('10381', 'Xã Đồng Tiến', '281HH'),
('10384', 'Xã Phương Tú', '281HH'),
('10387', 'Xã Trung Tú', '281HH'),
('10390', 'Xã Đồng Tân', '281HH'),
('10393', 'Xã Tảo Dương Văn', '281HH'),
('10396', 'Xã Vạn Thái', '281HH'),
('10399', 'Xã Minh Đức', '281HH'),
('10402', 'Xã Hòa Lâm', '281HH'),
('10405', 'Xã Hòa Xá', '281HH'),
('10408', 'Xã Trầm Lộng', '281HH'),
('10411', 'Xã Kim Đường', '281HH'),
('10414', 'Xã Hòa Nam', '281HH'),
('10417', 'Xã Hòa Phú', '281HH'),
('10420', 'Xã Đội Bình', '281HH'),
('10423', 'Xã Đại Hùng', '281HH'),
('10426', 'Xã Đông Lỗ', '281HH'),
('10429', 'Xã Phù Lưu', '281HH'),
('10432', 'Xã Đại Cường', '281HH'),
('10435', 'Xã Lưu Hoàng', '281HH'),
('10438', 'Xã Hồng Quang', '281HH'),
('10441', 'Thị trấn Đại Nghĩa', '282HH'),
('10444', 'Xã Đồng Tâm', '282HH'),
('10447', 'Xã Thượng Lâm', '282HH'),
('10450', 'Xã Tuy Lai', '282HH'),
('10453', 'Xã Phúc Lâm', '282HH'),
('10456', 'Xã Mỹ Thành', '282HH'),
('10459', 'Xã Bột Xuyên', '282HH'),
('10462', 'Xã An Mỹ', '282HH'),
('10465', 'Xã Hồng Sơn', '282HH'),
('10468', 'Xã Lê Thanh', '282HH'),
('10471', 'Xã Xuy Xá', '282HH'),
('10474', 'Xã Phùng Xá', '282HH'),
('10477', 'Xã Phù Lưu Tế', '282HH'),
('10480', 'Xã Đại Hưng', '282HH'),
('10483', 'Xã Vạn Kim', '282HH'),
('10486', 'Xã Đốc Tín', '282HH'),
('10489', 'Xã Hương Sơn', '282HH'),
('10492', 'Xã Hùng Tiến', '282HH'),
('10495', 'Xã An Tiến', '282HH'),
('10498', 'Xã Hợp Tiến', '282HH'),
('10501', 'Xã Hợp Thanh', '282HH'),
('10504', 'Xã An Phú', '282HH'),
('11296', 'Phường Quán Toan', '303HH'),
('11299', 'Phường Hùng Vương', '303HH'),
('11302', 'Phường Sở Dầu', '303HH'),
('11305', 'Phường Thượng Lý', '303HH'),
('11308', 'Phường Hạ Lý', '303HH'),
('11311', 'Phường Minh Khai', '303HH'),
('11314', 'Phường Trại Chuối', '303HH'),
('11317', 'Phường Quang Trung', '303HH'),
('11320', 'Phường Hoàng Văn Thụ', '303HH'),
('11323', 'Phường Phan Bội Châu', '303HH'),
('11326', 'Phường Phạm Hồng Thái', '303HH'),('11329', 'Phường Máy Chai', '304HH'),
('11332', 'Phường Máy Tơ', '304HH'),
('11335', 'Phường Vạn Mỹ', '304HH'),
('11338', 'Phường Cầu Tre', '304HH'),
('11341', 'Phường Lạc Viên', '304HH'),
('11344', 'Phường Lương Khánh Thiện', '304HH'),
('11347', 'Phường Gia Viên', '304HH'),
('11350', 'Phường Đông Khê', '304HH'),
('11353', 'Phường Cầu Đất', '304HH'),
('11356', 'Phường Lê Lợi', '304HH'),
('11359', 'Phường Đằng Giang', '304HH'),
('11362', 'Phường Lạch Tray', '304HH'),
('11365', 'Đồng Quốc Bình', '304HH'),
('11368', 'Phường Cát Dài', '305HH'),
('11371', 'Phường An Biên', '305HH'),
('11374', 'Phường Lam Sơn', '305HH'),
('11377', 'Phường An Dương', '305HH'),
('11380', 'Phường Trần Nguyên Hãn', '305HH'),
('11383', 'Phường Hồ Nam', '305HH'),
('11386', 'Phường Trại Cau', '305HH'),
('11389', 'Phường Dư Hàng', '305HH'),
('11392', 'Phường Hàng Kênh', '305HH'),
('11395', 'Phường Đông Hải', '305HH'),
('11398', 'Phường Niệm Nghĩa', '305HH'),
('11401', 'Phường Nghĩa Xá', '305HH'),
('11404', 'Phường Dư Hàng Kênh', '305HH'),
('11405', 'Phường Kênh Dương', '305HH'),
('11407', 'Phường Vĩnh Niệm', '305HH'),
('11410', 'Phường Đông Hải 1', '306HH'),
('11411', 'Phường Đông Hải 2', '306HH'),
('11413', 'Phường Đằng Lâm', '306HH'),
('11414', 'Phường Thành Tô', '306HH'),
('11416', 'Phường Đằng Hải', '306HH'),
('11419', 'Phường Nam Hải', '306HH'),
('11422', 'Phường Cát Bi', '306HH'),
('11425', 'Phường Tràng Cát', '306HH'),
('11428', 'Phường Quán Trữ', '307HH'),
('11429', 'Phường Lãm Hà', '307HH'),
('11431', 'Phường Đồng Hòa', '307HH'),
('11434', 'Phường Bắc Sơn', '307HH'),
('11437', 'Phường Nam Sơn', '307HH'),
('11440', 'Phường Ngọc Sơn', '307HH'),
('11443', 'Phường Trần Thành Ngọ', '307HH'),
('11446', 'Phường Văn Đẩu', '307HH'),
('11449', 'Phường Phù Liễn', '307HH'),
('11452', 'Phường Tràng Minh', '307HH'),
('11455', 'Phường Ngọc Xuyên', '308HH'),
('11458', 'Phường Ngọc Hải', '308HH'),
('11461', 'Phường Vạn Hương', '308HH'),
('11464', 'Phường Vạn Sơn', '308HH'),
('11465', 'Phường Minh Đức', '308HH'),
('11467', 'Phường Bàng La', '308HH'),
('11737', 'Phường Hợp Đức', '308HH'),
('11683', 'Phường Đa Phúc', '309HH'),
('11686', 'Phường Hưng Đạo', '309HH'),
('11689', 'Phường Anh Dũng', '309HH'),
('11692', 'Phường Hải Thành', '309HH'),
('11707', 'Phường Hòa Nghĩa', '309HH'),
('11740', 'Phường Tân Thành', '309HH'),('11470', 'Thị trấn Núi Đèo', '311HH'),
('11473', 'Thị trấn Minh Đức', '311HH'),
('11476', 'Xã Lại Xuân', '311HH'),
('11479', 'Xã An Sơn', '311HH'),
('11482', 'Xã Kỳ Sơn', '311HH'),
('11485', 'Xã Liên Khê', '311HH'),
('11488', 'Xã Lưu Kiếm', '311HH'),
('11491', 'Xã Lưu Kỳ', '311HH'),
('11494', 'Xã Gia Minh', '311HH'),
('11497', 'Xã Gia Đức', '311HH'),
('11500', 'Xã Minh Tân', '311HH'),
('11503', 'Xã Phù Ninh', '311HH'),
('11506', 'Xã Quảng Thanh', '311HH'),
('11509', 'Xã Chính Mỹ', '311HH'),
('11512', 'Xã Kênh Giang', '311HH'),
('11515', 'Xã Hợp Thành', '311HH'),
('11518', 'Xã Cao Nhân', '311HH'),
('11521', 'Xã Mỹ Đồng', '311HH'),
('11524', 'Xã Đông Sơn', '311HH'),
('11527', 'Xã Hòa Bình', '311HH'),
('11530', 'Xã Trung Hà', '311HH'),
('11533', 'Xã An Lư', '311HH'),
('11536', 'Xã Thuỷ Triều', '311HH'),
('11539', 'Xã Ngũ Lão', '311HH'),
('11542', 'Xã Phục Lễ', '311HH'),
('11545', 'Xã Tam Hưng', '311HH'),
('11548', 'Xã Phả Lễ', '311HH'),
('11551', 'Xã Lập Lễ', '311HH'),
('11554', 'Xã Kiền Bái', '311HH'),
('11557', 'Xã Thiên Hương', '311HH'),
('11560', 'Xã Thuỷ Sơn', '311HH'),
('11563', 'Xã Thuỷ Đường', '311HH'),
('11566', 'Xã Hoàng Động', '311HH'),
('11569', 'Xã Lâm Động', '311HH'),
('11572', 'Xã Hoa Động', '311HH'),
('11575', 'Xã Tân Dương', '311HH'),
('11578', 'Xã Dương Quan', '311HH'),
('11581', 'Thị trấn An Dương', '312HH'),
('11584', 'Xã Lê Thiện', '312HH'),
('11587', 'Xã Đại Bản', '312HH'),
('11590', 'Xã An Hòa', '312HH'),
('11593', 'Xã Hồng Phong', '312HH'),
('11596', 'Xã Tân Tiến', '312HH'),
('11599', 'Xã An Hưng', '312HH'),
('11602', 'Xã An Hồng', '312HH'),
('11605', 'Xã Bắc Sơn', '312HH'),
('11608', 'Xã Nam Sơn', '312HH'),
('11611', 'Xã Lê Lợi', '312HH'),
('11614', 'Xã Đặng Cương', '312HH'),
('11617', 'Xã Đồng Thái', '312HH'),
('11620', 'Xã Quốc Tuấn', '312HH'),
('11623', 'Xã An Đồng', '312HH'),
('11626', 'Xã Hồng Thái', '312HH'),
('11629', 'Thị trấn An Lão', '313HH'),
('11632', 'Xã Bát Trang', '313HH'),
('11635', 'Xã Trường Thọ', '313HH'),
('11638', 'Xã Trường Thành', '313HH'),
('11641', 'Xã An Tiến', '313HH'),
('11644', 'Xã Quang Hưng', '313HH'),
('11647', 'Xã Quang Trung', '313HH'),
('11650', 'Xã Quốc Tuấn', '313HH'),
('11653', 'Xã An Thắng', '313HH'),
('11656', 'Thị trấn Trường Sơn', '313HH'),
('11659', 'Xã Tân Dân', '313HH'),
('11662', 'Xã Thái Sơn', '313HH'),
('11665', 'Xã Tân Viên', '313HH'),
('11668', 'Xã Mỹ Đức', '313HH'),
('11671', 'Xã Chiến Thắng', '313HH'),
('11674', 'Xã An Thọ', '313HH'),
('11677', 'Xã An Thái', '313HH'),
('11680', 'Thị trấn Núi Đối', '314HH'),
('11695', 'Xã Đông Phương', '314HH'),
('11698', 'Xã Thuận Thiên', '314HH'),
('11701', 'Xã Hữu Bằng', '314HH'),
('11704', 'Xã Đại Đồng', '314HH'),
('11710', 'Xã Ngũ Phúc', '314HH'),
('11713', 'Xã Kiến Quốc', '314HH'),
('11716', 'Xã Du Lễ', '314HH'),
('11719', 'Xã Thuỵ Hương', '314HH'),
('11722', 'Xã Thanh Sơn', '314HH'),
('11725', 'Xã Minh Tân', '314HH'),
('11728', 'Xã Đại Hà', '314HH'),
('11731', 'Xã Ngũ Đoan', '314HH'),
('11734', 'Xã Tân Phong', '314HH'),
('11743', 'Xã Tân Trào', '314HH'),
('11746', 'Xã Đoàn Xá', '314HH'),
('11749', 'Xã Tú Sơn', '314HH'),
('11752', 'Xã Đại Hợp', '314HH'),
('11755', 'Thị trấn Tiên Lãng', '315HH'),
('11758', 'Xã Đại Thắng', '315HH'),
('11761', 'Xã Tiên Cường', '315HH'),
('11764', 'Xã Tự Cường', '315HH'),
('11767', 'Xã Tiên Tiến', '315HH'),
('11770', 'Xã Quyết Tiến', '315HH'),
('11773', 'Xã Khởi Nghĩa', '315HH'),
('11776', 'Xã Tiên Thanh', '315HH'),
('11779', 'Xã Cấp Tiến', '315HH'),
('11782', 'Xã Kiến Thiết', '315HH'),
('11785', 'Xã Đoàn Lập', '315HH'),
('11788', 'Xã Bạch Đằng', '315HH'),
('11791', 'Xã Quang Phục', '315HH'),
('11794', 'Xã Toàn Thắng', '315HH'),
('11797', 'Xã Tiên Thắng', '315HH'),
('11800', 'Xã Tiên Minh', '315HH'),
('11803', 'Xã Bắc Hưng', '315HH'),
('11806', 'Xã Nam Hưng', '315HH'),
('11809', 'Xã Hùng Thắng', '315HH'),
('11812', 'Xã Tây Hưng', '315HH'),
('11815', 'Xã Đông Hưng', '315HH'),
('11818', 'Xã Tiên Hưng', '315HH'),
('11821', 'Xã Vinh Quang', '315HH'),
('11824', 'Thị trấn Vĩnh Bảo', '316HH'),
('11827', 'Xã Dũng Tiến', '316HH'),
('11830', 'Xã Giang Biên', '316HH'),
('11833', 'Xã Thắng Thuỷ', '316HH'),
('11836', 'Xã Trung Lập', '316HH'),
('11839', 'Xã Việt Tiến', '316HH'),
('11842', 'Xã Vĩnh An', '316HH'),
('11845', 'Xã Vĩnh Long', '316HH'),
('11848', 'Xã Hiệp Hòa', '316HH'),
('11851', 'Xã Hùng Tiến', '316HH'),
('11854', 'Xã An Hòa', '316HH'),
('11857', 'Xã Tân Hưng', '316HH'),
('11860', 'Xã Tân Liên', '316HH'),
('11863', 'Xã Nhân Hòa', '316HH'),
('11866', 'Xã Tam Đa', '316HH'),
('11869', 'Xã Hưng Nhân', '316HH'),
('11872', 'Xã Vinh Quang', '316HH'),
('11875', 'Xã Đồng Minh', '316HH'),
('11878', 'Xã Thanh Lương', '316HH'),
('11881', 'Xã Liên Am', '316HH'),
('11884', 'Xã Lý Học', '316HH'),
('11887', 'Xã Tam Cường', '316HH'),
('11890', 'Xã Hòa Bình', '316HH'),
('11893', 'Xã Tiền Phong', '316HH'),
('11896', 'Xã Vĩnh Phong', '316HH'),
('11899', 'Xã Cộng Hiền', '316HH'),
('11902', 'Xã Cao Minh', '316HH'),
('11905', 'Xã Cổ Am', '316HH'),
('11908', 'Xã Vĩnh Tiến', '316HH'),
('11911', 'Xã Trấn Dương', '316HH'),
('11914', 'Thị trấn Cát Bà', '317HH'),
('11917', 'Thị trấn Cát Hải', '317HH'),
('11920', 'Xã Nghĩa Lộ', '317HH'),
('11923', 'Xã Đồng Bài', '317HH'),
('11926', 'Xã Hoàng Châu', '317HH'),
('11929', 'Xã Văn Phong', '317HH'),
('11932', 'Xã Phù Long', '317HH'),
('11935', 'Xã Gia Luận', '317HH'),
('11938', 'Xã Hiền Hào', '317HH'),
('11941', 'Xã Trân Châu', '317HH'),
('11944', 'Xã Việt Hải', '317HH'),
('11947', 'Xã Xuân Đám', '317HH'),
('90101', 'Xã Bạch Long Vĩ', '318HH'),
('25993', 'Phường Trảng Dài', '731HH'),
('25996', 'Phường Tân Phong', '731HH'),
('25999', 'Phường Tân Biên', '731HH'),
('26002', 'Phường Hố Nai', '731HH'),
('26005', 'Phường Tân Hòa', '731HH'),
('26008', 'Phường Tân Hiệp', '731HH'),
('26011', 'Phường Bửu Long', '731HH'),
('26014', 'Phường Tân Tiến', '731HH'),
('26017', 'Phường Tam Hiệp', '731HH'),
('26020', 'Phường Long Bình', '731HH'),
('26023', 'Phường Quang Vinh', '731HH'),
('26026', 'Phường Tân Mai', '731HH'),
('26029', 'Phường Thống Nhất', '731HH'),
('26032', 'Phường Trung Dũng', '731HH'),
('26035', 'Phường Tam Hòa', '731HH'),
('26038', 'Phường Hòa Bình', '731HH'),
('26041', 'Phường Quyết Thắng', '731HH'),
('26044', 'Phường Thanh Bình', '731HH'),
('26047', 'Phường Bình Đa', '731HH'),
('26050', 'Phường An Bình', '731HH'),
('26053', 'Phường Bửu Hòa', '731HH'),
('26056', 'Phường Long Bình Tân', '731HH'),
('26059', 'Phường Tân Vạn', '731HH'),
('26062', 'Xã Tân Hạnh', '731HH'),
('26065', 'Xã Hiệp Hòa', '731HH'),
('26068', 'Xã Hóa An', '731HH'),
('26371', 'Xã An Hòa', '731HH'),
('26374', 'Xã Tam Phước', '731HH'),
('26377', 'Xã Phước Tân', '731HH'),
('26380', 'Xã Long Hưng', '731HH'),
('26071', 'Phường Xuân Trung', '732HH'),
('26074', 'Phường Xuân Thanh', '732HH'),
('26077', 'Phường Xuân Bình', '732HH'),
('26080', 'Phường Xuân An', '732HH'),
('26083', 'Phường Xuân Hòa', '732HH'),
('26086', 'Phường Phú Bình', '732HH'),
('26089', 'Xã Bình Lộc', '732HH'),
('26092', 'Xã Bảo Quang', '732HH'),
('26095', 'Xã Suối Tre', '732HH'),
('26098', 'Xã Bảo Vinh', '732HH'),
('26101', 'Xã Xuân Lập', '732HH'),
('26104', 'Xã Bàu Sen', '732HH'),
('26107', 'Xã Bàu Trâm', '732HH'),
('26110', 'Xã Xuân Tân', '732HH'),
('26113', 'Xã Hàng Gòn', '732HH'),
('26116', 'Thị trấn Tân Phú', '734HH'),
('26119', 'Xã Dak Lua', '734HH'),
('26122', 'Xã Nam Cát Tiên', '734HH'),
('26125', 'Xã Phú An', '734HH'),
('26128', 'Xã Núi Tượng', '734HH'),
('26131', 'Xã Tà Lài', '734HH'),
('26134', 'Xã Phú Lập', '734HH'),
('26137', 'Xã Phú Sơn', '734HH'),
('26140', 'Xã Phú Thịnh', '734HH'),
('26143', 'Xã Thanh Sơn', '734HH'),
('26146', 'Xã Phú Trung', '734HH'),
('26149', 'Xã Phú Xuân', '734HH'),
('26152', 'Xã Phú Lộc', '734HH'),
('26155', 'Xã Phú Lâm', '734HH'),
('26158', 'Xã Phú Bình', '734HH'),
('26161', 'Xã Phú Thanh', '734HH'),
('26164', 'Xã Trà Cổ', '734HH'),
('26167', 'Xã Phú Điền', '734HH'),
('26170', 'Thị trấn Vĩnh An', '735HH'),
('26173', 'Xã Phú Lý', '735HH'),
('26176', 'Xã Trị An', '735HH'),
('26179', 'Xã Tân An', '735HH'),
('26182', 'Xã Vĩnh Tân', '735HH'),
('26185', 'Xã Bình Lợi', '735HH'),
('26188', 'Xã Thạnh Phú', '735HH'),
('26191', 'Xã Thiện Tân', '735HH'),
('26194', 'Xã Tân Bình', '735HH'),
('26197', 'Xã Bình Hòa', '735HH'),
('26200', 'Xã Mã Đà', '735HH'),
('26203', 'Xã Hiếu Liêm', '735HH'),
('26206', 'Thị trấn Định Quán', '736HH'),
('26209', 'Xã Thanh Sơn', '736HH'),
('26212', 'Xã Phú Tân', '736HH'),
('26215', 'Xã Phú Vinh', '736HH'),
('26218', 'Xã Phú Lợi', '736HH'),
('26221', 'Xã Phú Hòa', '736HH'),
('26224', 'Xã Ngọc Định', '736HH'),
('26227', 'Xã La Ngà', '736HH'),
('26230', 'Xã Gia Canh', '736HH'),
('26233', 'Xã Phú Ngọc', '736HH'),
('26236', 'Xã Phú Cường', '736HH'),
('26239', 'Xã Túc Trưng', '736HH'),
('26242', 'Xã Phú Túc', '736HH'),
('26245', 'Xã Suối Nho', '736HH'),
('26248', 'Thị trấn Trảng Bom', '737HH'),
('26251', 'Xã Thanh Bình', '737HH'),
('26254', 'Xã Cây Gáo', '737HH'),
('26257', 'Xã Bàu Hàm', '737HH'),
('26260', 'Xã Sông Thao', '737HH'),
('26263', 'Xã Sông Trầu', '737HH'),
('26266', 'Xã Đông Hòa', '737HH'),
('26269', 'Xã Bắc Sơn', '737HH'),
('26272', 'Xã Hố Nai 3', '737HH'),
('26275', 'Xã Tây Hòa', '737HH'),
('26278', 'Xã Bình Minh', '737HH'),
('26281', 'Xã Trung Hòa', '737HH'),
('26284', 'Xã Đồi 61', '737HH'),
('26287', 'Xã Hưng Thịnh', '737HH'),
('26290', 'Xã Quảng Tiến', '737HH'),
('26293', 'Xã Giang Điền', '737HH'),
('26296', 'Xã An Viễn', '737HH'),
('26299', 'Xã Gia Tân 1', '738HH'),
('26302', 'Xã Gia Tân 2', '738HH'),
('26305', 'Xã Gia Tân 3', '738HH'),
('26308', 'Xã Gia Kiệm', '738HH'),
('26311', 'Xã Quang Trung', '738HH'),
('26314', 'Xã Bàu Hàm 2', '738HH'),
('26317', 'Xã Hưng Lộc', '738HH'),
('26320', 'Xã Lộ 25', '738HH'),
('26323', 'Xã Xuân Thiện', '738HH'),
('26326', 'Xã Xuân Thạnh', '738HH'),
('26329', 'Xã Sông Nhạn', '739HH'),
('26332', 'Xã Xuân Quế', '739HH'),
('26335', 'Xã Nhân Nghĩa', '739HH'),
('26338', 'Xã Xuân Đường', '739HH'),
('26341', 'Xã Long Giao', '739HH'),
('26344', 'Xã Xuân Mỹ', '739HH'),
('26347', 'Xã Thừa Đức', '739HH'),
('26350', 'Xã Bảo Bình', '739HH'),
('26353', 'Xã Xuân Bảo', '739HH'),
('26356', 'Xã Xuân Tây', '739HH'),
('26359', 'Xã Xuân Đông', '739HH'),
('26362', 'Xã Sông Ray', '739HH'),
('26365', 'Xã Lâm San', '739HH'),
('26368', 'Thị trấn Long Thành', '740HH'),
('26383', 'Xã An Phước', '740HH'),
('26386', 'Xã Bình An', '740HH'),
('26389', 'Xã Long Đức', '740HH'),
('26392', 'Xã Lộc An', '740HH'),
('26395', 'Xã Bình Sơn', '740HH'),
('26398', 'Xã Tam An', '740HH'),
('26401', 'Xã Cẩm Đường', '740HH'),
('26404', 'Xã Long An', '740HH'),
('26407', 'Xã Suối Trầu', '740HH'),
('26410', 'Xã Bàu Cạn', '740HH'),
('26413', 'Xã Long Phước', '740HH'),
('26416', 'Xã Phước Bình', '740HH'),
('26419', 'Xã Tân Hiệp', '740HH'),
('26422', 'Xã Phước Thái', '740HH'),
('26425', 'Thị trấn Gia Ray', '741HH'),
('26428', 'Xã Xuân Bắc', '741HH'),
('26431', 'Xã Suối Cao', '741HH'),
('26434', 'Xã Xuân Thành', '741HH'),
('26437', 'Xã Xuân Thọ', '741HH'),
('26440', 'Xã Xuân Trường', '741HH'),
('26443', 'Xã Xuân Hòa', '741HH'),
('26446', 'Xã Xuân Hưng', '741HH'),
('26449', 'Xã Xuân Tâm', '741HH'),
('26452', 'Xã Suối Cát', '741HH'),
('26455', 'Xã Xuân Hiệp', '741HH'),
('26458', 'Xã Xuân Phú', '741HH'),
('26461', 'Xã Xuân Định', '741HH'),
('26464', 'Xã Bảo Hòa', '741HH'),
('26467', 'Xã Lang Minh', '741HH'),
('26470', 'Xã Phước Thiền', '742HH'),
('26473', 'Xã Long Tân', '742HH'),
('26476', 'Xã Đại Phước', '742HH'),
('26479', 'Xã Hiệp Phước', '742HH'),
('26482', 'Xã Phú Hữu', '742HH'),
('26485', 'Xã Phú Hội', '742HH'),
('26488', 'Xã Phú Thạnh', '742HH'),
('26491', 'Xã Phú Đông', '742HH'),
('26494', 'Xã Long Thọ', '742HH'),
('26497', 'Xã Vĩnh Thanh', '742HH'),
('26500', 'Xã Phước Khánh', '742HH'),
('26503', 'Xã Phước An', '742HH'),('26506', 'Phường 1', '747HH'),
('26508', 'Phường Thắng Tam', '747HH'),
('26509', 'Phường 2', '747HH'),
('26512', 'Phường 3', '747HH'),
('26515', 'Phường 4', '747HH'),
('26518', 'Phường 5', '747HH'),
('26521', 'Phường Thắng Nhì', '747HH'),
('26524', 'Phường 7', '747HH'),
('26526', 'Phường Nguyễn An Ninh', '747HH'),
('26527', 'Phường 8', '747HH'),
('26530', 'Phường 9', '747HH'),
('26533', 'Phường Thắng Nhất', '747HH'),
('26535', 'Phường Rạch Dừa', '747HH'),
('26536', 'Phường 10', '747HH'),
('26539', 'Phường 11', '747HH'),
('26542', 'Phường 12', '747HH'),
('26545', 'Xã Long Sơn', '747HH'),
('26548', 'Phường Phước Hưng', '748HH'),
('26551', 'Phường Phước Hiệp', '748HH'),
('26554', 'Phường Phước Nguyên', '748HH'),
('26557', 'Phường Long Toàn', '748HH'),
('26558', 'Phường Long Tâm', '748HH'),
('26560', 'Phường Phước Trung', '748HH'),
('26563', 'Phường Long Hương', '748HH'),
('26566', 'Phường Kim Dinh', '748HH'),
('26567', 'Xã Tân Hưng', '748HH'),
('26569', 'Xã Long Phước', '748HH'),
('26572', 'Xã Hòa Long', '748HH'),
('26574', 'Xã Bàu Chinh', '750HH'),
('26575', 'Thị trấn Ngãi Giao', '750HH'),
('26578', 'Xã Bình Ba', '750HH'),
('26581', 'Xã Suối Nghệ', '750HH'),
('26584', 'Xã Xuân Sơn', '750HH'),
('26587', 'Xã Sơn Bình', '750HH'),
('26590', 'Xã Bình Giã', '750HH'),
('26593', 'Xã Bình Trung', '750HH'),
('26596', 'Xã Xà Bang', '750HH'),
('26599', 'Xã Cù Bị', '750HH'),
('26602', 'Xã Láng Lớn', '750HH'),
('26605', 'Xã Quảng Thành', '750HH'),
('26608', 'Xã Kim Long', '750HH'),
('26611', 'Xã Suối Rao', '750HH'),
('26614', 'Xã Đá Bạc', '750HH'),
('26617', 'Xã Nghĩa Thành', '750HH'),
('26620', 'Thị trấn Phước Bửu', '751HH'),
('26623', 'Xã Phước Thuận', '751HH'),
('26626', 'Xã Phước Tân', '751HH'),
('26629', 'Xã Xuyên Mộc', '751HH'),
('26632', 'Xã Bông Trang', '751HH'),
('26635', 'Xã Tân Lâm', '751HH'),
('26638', 'Xã Bàu Lâm', '751HH'),
('26641', 'Xã Hòa Bình', '751HH'),
('26644', 'Xã Hòa Hưng', '751HH'),
('26647', 'Xã Hòa Hiệp', '751HH'),
('26650', 'Xã Hòa Hội', '751HH'),
('26653', 'Xã Bưng Riềng', '751HH'),
('26656', 'Xã Bình Châu', '751HH'),
('26659', 'Thị trấn Long Điền', '752HH'),
('26662', 'Thị trấn Long Hải', '752HH'),
('26665', 'Xã An Ngãi', '752HH'),
('26668', 'Xã Tam Phước', '752HH'),
('26671', 'Xã An Nhứt', '752HH'),
('26674', 'Xã Phước Tỉnh', '752HH'),
('26677', 'Xã Phước Hưng', '752HH'),
('26680', 'Thị trấn Đất Đỏ', '753HH'),
('26683', 'Xã Phước Long Thọ', '753HH'),
('26686', 'Xã Phước Hội', '753HH'),
('26689', 'Xã Long Mỹ', '753HH'),
('26692', 'Thị trấn Phước Hải', '753HH'),
('26695', 'Xã Long Tân', '753HH'),
('26698', 'Xã Láng Dài', '753HH'),
('26701', 'Xã Lộc An', '753HH'),
('26704', 'Thị trấn Phú Mỹ', '754HH'),
('26707', 'Xã Tân Hòa', '754HH'),
('26710', 'Xã Tân Hải', '754HH'),
('26713', 'Xã Phước Hòa', '754HH'),
('26716', 'Xã Tân Phước', '754HH'),
('26719', 'Xã Mỹ Xuân', '754HH'),
('26722', 'Xã Sông Xoài', '754HH'),
('26725', 'Xã Hắc Dịch', '754HH'),
('26728', 'Xã Châu Pha', '754HH'),
('26731', 'Xã Tóc Tiên', '754HH'),
('75501', 'Xã Huyện Côn Đảo', '755HH'),
('26734', 'Phường Tân Định', '760HH'),
('26737', 'Phường Đa Kao', '760HH'),
('26740', 'Phường Bến Nghé', '760HH'),
('26743', 'Phường Bến Thành', '760HH'),
('26746', 'Phường Nguyễn Thái Bình', '760HH'),
('26749', 'Phường Phạm Ngũ Lão', '760HH'),
('26752', 'Phường Cầu Ông Lãnh', '760HH'),
('26755', 'Phường Cô Giang', '760HH'),
('26758', 'Phường Nguyễn Cư Trinh', '760HH'),
('26761', 'Phường Cầu Kho', '760HH'),
('26764', 'Phường Thạnh Xuân', '761HH'),
('26767', 'Phường Thạnh Lộc', '761HH'),
('26770', 'Phường Hiệp Thành', '761HH'),
('26773', 'Phường Thới An', '761HH'),
('26776', 'Phường Tân Chánh Hiệp', '761HH'),
('26779', 'Phường An Phú Đông', '761HH'),
('26782', 'Phường Tân Thới Hiệp', '761HH'),
('26785', 'Phường Trung Mỹ Tây', '761HH'),
('26787', 'Phường Tân Hưng Thuận', '761HH'),
('26788', 'Phường Đông Hưng Thuận', '761HH'),
('26791', 'Phường Tân Thới Nhất', '761HH'),
('26794', 'Phường Linh Xuân', '762HH'),
('26797', 'Phường Bình Chiểu', '762HH'),
('26800', 'Phường Linh Trung', '762HH'),
('26803', 'Phường Tam Bình', '762HH'),
('26806', 'Phường Tam Phú', '762HH'),
('26809', 'Phường Hiệp Bình Phước', '762HH'),
('26812', 'Phường Hiệp Bình Chánh', '762HH'),
('26815', 'Phường Linh Chiểu', '762HH'),
('26818', 'Phường Linh Tây', '762HH'),
('26821', 'Phường Linh Đông', '762HH'),
('26824', 'Phường Bình Thọ', '762HH'),
('26827', 'Phường Trường Thọ', '762HH'),
('26830', 'Phường Long Bình', '763HH'),
('26833', 'Phường Long Thạnh Mỹ', '763HH'),
('26836', 'Phường Tân Phú', '763HH'),
('26839', 'Phường Hiệp Phú', '763HH'),
('26842', 'Phường Tăng Nhơn Phú A', '763HH'),
('26845', 'Phường Tăng Nhơn Phú B', '763HH'),
('26848', 'Phường Phước Long B', '763HH'),
('26851', 'Phường Phước Long A', '763HH'),
('26854', 'Phường Trường Thạnh', '763HH'),
('26857', 'Phường Long Phước', '763HH'),
('26860', 'Phường Long Trường', '763HH'),
('26863', 'Phường Phước Bình', '763HH'),
('26866', 'Phường Phú Hữu', '763HH'),
('26869', 'Phường 15', '764HH'),
('26872', 'Phường 13', '764HH'),
('26875', 'Phường 17', '764HH'),
('26876', 'Phường 6', '764HH'),
('26878', 'Phường 16', '764HH'),
('26881', 'Phường 12', '764HH'),
('26882', 'Phường 14', '764HH'),
('26884', 'Phường 10', '764HH'),
('26887', 'Phường 05', '764HH'),
('26890', 'Phường 07', '764HH'),
('26893', 'Phường 04', '764HH'),
('26896', 'Phường 01', '764HH'),
('26897', 'Phường 9', '764HH'),
('26898', 'Phường 8', '764HH'),
('26899', 'Phường 11', '764HH'),
('26902', 'Phường 03', '764HH'),
('26905', 'Phường 13', '765HH'),
('26908', 'Phường 11', '765HH'),
('26911', 'Phường 27', '765HH'),
('26914', 'Phường 26', '765HH'),
('26917', 'Phường 12', '765HH'),
('26920', 'Phường 25', '765HH'),
('26923', 'Phường 05', '765HH'),
('26926', 'Phường 07', '765HH'),
('26929', 'Phường 24', '765HH'),
('26932', 'Phường 06', '765HH'),
('26935', 'Phường 14', '765HH'),
('26938', 'Phường 15', '765HH'),
('26941', 'Phường 02', '765HH'),
('26944', 'Phường 01', '765HH'),
('26947', 'Phường 03', '765HH'),
('26950', 'Phường 17', '765HH'),
('26953', 'Phường 21', '765HH'),
('26956', 'Phường 22', '765HH'),
('26959', 'Phường 19', '765HH'),
('26962', 'Phường 28', '765HH'),
('26965', 'Phường 02', '766HH'),
('26968', 'Phường 04', '766HH'),
('26971', 'Phường 12', '766HH'),
('26974', 'Phường 13', '766HH'),
('26977', 'Phường 01', '766HH'),
('26980', 'Phường 03', '766HH'),
('26983', 'Phường 11', '766HH'),
('26986', 'Phường 07', '766HH'),
('26989', 'Phường 05', '766HH'),
('26992', 'Phường 10', '766HH'),
('26995', 'Phường 06', '766HH'),
('26998', 'Phường 08', '766HH'),
('27001', 'Phường 09', '766HH'),
('27004', 'Phường 14', '766HH'),
('27007', 'Phường 15', '766HH'),
('27010', 'Phường Tân Sơn Nhì', '767HH'),
('27013', 'Phường Tây Thạnh', '767HH'),
('27016', 'Phường Sơn Kỳ', '767HH'),
('27019', 'Phường Tân Quý', '767HH'),
('27022', 'Phường Tân Thành', '767HH'),
('27025', 'Phường Phú Thọ Hòa', '767HH'),
('27028', 'Phường Phú Thạnh', '767HH'),
('27031', 'Phường Phú Trung', '767HH'),
('27034', 'Phường Hòa Thạnh', '767HH'),
('27037', 'Phường Hiệp Tân', '767HH'),
('27040', 'Phường Tân Thới Hòa', '767HH'),
('27043', 'Phường 04', '768HH'),
('27046', 'Phường 05', '768HH'),
('27049', 'Phường 09', '768HH'),
('27052', 'Phường 07', '768HH'),
('27055', 'Phường 03', '768HH'),
('27058', 'Phường 01', '768HH'),
('27061', 'Phường 02', '768HH'),
('27064', 'Phường 08', '768HH'),
('27067', 'Phường 15', '768HH'),
('27070', 'Phường 10', '768HH'),
('27073', 'Phường 11', '768HH'),
('27076', 'Phường 17', '768HH'),
('27079', 'Phường 14', '768HH'),
('27082', 'Phường 12', '768HH'),
('27085', 'Phường 13', '768HH'),
('27088', 'Phường Thảo Điền', '769HH'),
('27091', 'Phường An Phú', '769HH'),
('27094', 'Phường Bình An', '769HH'),
('27097', 'Phường Bình Trưng Đông', '769HH'),
('27100', 'Phường Bình Trưng Tây', '769HH'),
('27103', 'Phường Bình Khánh', '769HH'),
('27106', 'Phường An Khánh', '769HH'),
('27109', 'Phường Cát Lái', '769HH'),
('27112', 'Phường Thạnh Mỹ Lợi', '769HH'),
('27115', 'Phường An Lợi Đông', '769HH'),
('27118', 'Phường Thủ Thiêm', '769HH'),
('27121', 'Phường 08', '770HH'),
('27124', 'Phường 07', '770HH'),
('27127', 'Phường 14', '770HH'),
('27130', 'Phường 12', '770HH'),
('27133', 'Phường 11', '770HH'),
('27136', 'Phường 13', '770HH'),
('27139', 'Phường 06', '770HH'),
('27142', 'Phường 09', '770HH'),
('27145', 'Phường 10', '770HH'),
('27148', 'Phường 04', '770HH'),
('27151', 'Phường 05', '770HH'),
('27154', 'Phường 03', '770HH'),
('27157', 'Phường 02', '770HH'),
('27160', 'Phường 01', '770HH'),
('27163', 'Phường 15', '771HH'),
('27166', 'Phường 13', '771HH'),
('27169', 'Phường 14', '771HH'),
('27172', 'Phường 12', '771HH'),
('27175', 'Phường 11', '771HH'),
('27178', 'Phường 10', '771HH'),
('27181', 'Phường 09', '771HH'),
('27184', 'Phường 01', '771HH'),
('27187', 'Phường 08', '771HH'),
('27190', 'Phường 02', '771HH'),
('27193', 'Phường 04', '771HH'),
('27196', 'Phường 07', '771HH'),
('27199', 'Phường 05', '771HH'),
('27202', 'Phường 06', '771HH'),
('27205', 'Phường 03', '771HH'),
('27208', 'Phường 15', '772HH'),
('27211', 'Phường 05', '772HH'),
('27214', 'Phường 14', '772HH'),
('27217', 'Phường 11', '772HH'),
('27220', 'Phường 03', '772HH'),
('27223', 'Phường 10', '772HH'),
('27226', 'Phường 13', '772HH'),
('27229', 'Phường 08', '772HH'),
('27232', 'Phường 09', '772HH'),
('27235', 'Phường 12', '772HH'),
('27238', 'Phường 07', '772HH'),
('27241', 'Phường 06', '772HH'),
('27244', 'Phường 04', '772HH'),
('27247', 'Phường 01', '772HH'),
('27250', 'Phường 02', '772HH'),
('27253', 'Phường 16', '772HH'),
('27256', 'Phường 12', '773HH'),
('27259', 'Phường 13', '773HH'),
('27262', 'Phường 09', '773HH'),
('27265', 'Phường 06', '773HH'),
('27268', 'Phường 08', '773HH'),
('27271', 'Phường 10', '773HH'),
('27274', 'Phường 05', '773HH'),
('27277', 'Phường 18', '773HH'),
('27280', 'Phường 14', '773HH'),
('27283', 'Phường 04', '773HH'),
('27286', 'Phường 03', '773HH'),
('27289', 'Phường 16', '773HH'),
('27292', 'Phường 02', '773HH'),
('27295', 'Phường 15', '773HH'),
('27298', 'Phường 01', '773HH'),
('27301', 'Phường 04', '774HH'),
('27304', 'Phường 09', '774HH'),
('27307', 'Phường 03', '774HH'),
('27310', 'Phường 12', '774HH'),
('27313', 'Phường 02', '774HH'),
('27316', 'Phường 08', '774HH'),
('27319', 'Phường 15', '774HH'),
('27322', 'Phường 07', '774HH'),
('27325', 'Phường 01', '774HH'),
('27328', 'Phường 11', '774HH'),
('27331', 'Phường 14', '774HH'),
('27334', 'Phường 05', '774HH'),
('27337', 'Phường 06', '774HH'),
('27340', 'Phường 10', '774HH'),
('27343', 'Phường 13', '774HH'),
('27346', 'Phường 14', '775HH'),
('27349', 'Phường 13', '775HH'),
('27352', 'Phường 09', '775HH'),
('27355', 'Phường 06', '775HH'),
('27358', 'Phường 12', '775HH'),
('27361', 'Phường 05', '775HH'),
('27364', 'Phường 11', '775HH'),
('27367', 'Phường 02', '775HH'),
('27370', 'Phường 01', '775HH'),
('27373', 'Phường 04', '775HH'),
('27376', 'Phường 08', '775HH'),
('27379', 'Phường 03', '775HH'),
('27382', 'Phường 07', '775HH'),
('27385', 'Phường 10', '775HH'),
('27388', 'Phường 08', '776HH'),
('27391', 'Phường 02', '776HH'),
('27394', 'Phường 01', '776HH'),
('27397', 'Phường 03', '776HH'),
('27400', 'Phường 11', '776HH'),
('27403', 'Phường 09', '776HH'),
('27406', 'Phường 10', '776HH'),
('27409', 'Phường 04', '776HH'),
('27412', 'Phường 13', '776HH'),
('27415', 'Phường 12', '776HH'),
('27418', 'Phường 05', '776HH'),
('27421', 'Phường 14', '776HH'),
('27424', 'Phường 06', '776HH'),
('27427', 'Phường 15', '776HH'),
('27430', 'Phường 16', '776HH'),
('27433', 'Phường 07', '776HH'),
('27436', 'Phường Bình Hưng Hòa', '777HH'),
('27439', 'Phường Bình Hưng Hòa A', '777HH'),
('27442', 'Phường Bình Hưng Hòa B', '777HH'),
('27445', 'Phường Bình Trị Đông', '777HH'),
('27448', 'Phường Bình Trị Đông A', '777HH'),
('27451', 'Phường Bình Trị Đông B', '777HH'),
('27454', 'Phường Tân Tạo', '777HH'),
('27457', 'Phường Tân Tạo A', '777HH'),
('27460', 'Phường  An Lạc', '777HH'),
('27463', 'Phường An Lạc A', '777HH'),
('27466', 'Phường Tân Thuận Đông', '778HH'),
('27469', 'Phường Tân Thuận Tây', '778HH'),
('27472', 'Phường Tân Kiểng', '778HH'),
('27475', 'Phường Tân Hưng', '778HH'),
('27478', 'Phường Bình Thuận', '778HH'),
('27481', 'Phường Tân Quy', '778HH'),
('27484', 'Phường Phú Thuận', '778HH'),
('27487', 'Phường Tân Phú', '778HH'),
('27490', 'Phường Tân Phong', '778HH'),
('27493', 'Phường Phú Mỹ', '778HH'),('27496', 'Thị trấn Củ Chi', '783HH'),
('27499', 'Xã Phú Mỹ Hưng', '783HH'),
('27502', 'Xã An Phú', '783HH'),
('27505', 'Xã Trung Lập Thượng', '783HH'),
('27508', 'Xã An Nhơn Tây', '783HH'),
('27511', 'Xã Nhuận Đức', '783HH'),
('27514', 'Xã Phạm Văn Cội', '783HH'),
('27517', 'Xã Phú Hòa Đông', '783HH'),
('27520', 'Xã Trung Lập Hạ', '783HH'),
('27523', 'Xã Trung An', '783HH'),
('27526', 'Xã Phước Thạnh', '783HH'),
('27529', 'Xã Phước Hiệp', '783HH'),
('27532', 'Xã Tân An Hội', '783HH'),
('27535', 'Xã Phước Vĩnh An', '783HH'),
('27538', 'Xã Thái Mỹ', '783HH'),
('27541', 'Xã Tân Thạnh Tây', '783HH'),
('27544', 'Xã Hòa Phú', '783HH'),
('27547', 'Xã Tân Thạnh Đông', '783HH'),
('27550', 'Xã Bình Mỹ', '783HH'),
('27553', 'Xã Tân Phú Trung', '783HH'),
('27556', 'Xã Tân Thông Hội', '783HH'),
('27559', 'Thị trấn Hóc Môn', '784HH'),
('27562', 'Xã Tân Hiệp', '784HH'),
('27565', 'Xã Nhị Bình', '784HH'),
('27568', 'Xã Đông Thạnh', '784HH'),
('27571', 'Xã Tân Thới Nhì', '784HH'),
('27574', 'Xã Thới Tam Thôn', '784HH'),
('27577', 'Xã Xuân Thới Sơn', '784HH'),
('27580', 'Xã Tân Xuân', '784HH'),
('27583', 'Xã Xuân Thới Đông', '784HH'),
('27586', 'Xã Trung Chánh', '784HH'),
('27589', 'Xã Xuân Thới Thượng', '784HH'),
('27592', 'Xã Bà Điểm', '784HH'),
('27595', 'Thị trấn Tân Túc', '785HH'),
('27598', 'Xã Phạm Văn Hai', '785HH'),
('27601', 'Xã Vĩnh Lộc A', '785HH'),
('27604', 'Xã Vĩnh Lộc B', '785HH'),
('27607', 'Xã Bình Lợi', '785HH'),
('27610', 'Xã Lê Minh Xuân', '785HH'),
('27613', 'Xã Tân Nhựt', '785HH'),
('27616', 'Xã Tân Kiên', '785HH'),
('27619', 'Xã Bình Hưng', '785HH'),
('27622', 'Xã Phong Phú', '785HH'),
('27625', 'Xã An Phú Tây', '785HH'),
('27628', 'Xã Hưng Long', '785HH'),
('27631', 'Xã Đa Phước', '785HH'),
('27634', 'Xã Tân Quý Tây', '785HH'),
('27637', 'Xã Bình Chánh', '785HH'),
('27640', 'Xã Quy Đức', '785HH'),
('27643', 'Thị trấn Nhà Bè', '786HH'),
('27646', 'Xã Phước Kiển', '786HH'),
('27649', 'Xã Phước Lộc', '786HH'),
('27652', 'Xã Nhơn Đức', '786HH'),
('27655', 'Xã Phú Xuân', '786HH'),
('27658', 'Xã Long Thới', '786HH'),
('27661', 'Xã Hiệp Phước', '786HH'),
('27664', 'Thị trấn Cần Thạnh', '787HH'),
('27667', 'Xã Bình Khánh', '787HH'),
('27670', 'Xã Tam Thôn Hiệp', '787HH'),
('27673', 'Xã An Thới Đông', '787HH'),
('27676', 'Xã Thạnh An', '787HH'),
('27679', 'Xã Long Hòa', '787HH'),
('27682', 'Xã Lý Nhơn', '787HH');
